{"cameraMode":{"drawMode":0,"name":"Shaded","section":"Shading Mode"},"sceneLighting":true,"audioPlay":false,"sceneViewState":{"m_AlwaysRefresh":false,"showFog":true,"showSkybox":true,"showFlares":true,"showImageEffects":true,"showParticleSystems":true,"showVisualEffectGraphs":true,"m_FxEnabled":true},"in2DMode":false,"pivot":{"x":0.11409390717744827,"y":-0.019999990239739419,"z":-0.10472926497459412},"rotation":{"x":-0.07123634219169617,"y":0.13899202644824983,"z":-0.01002374105155468,"w":-0.9876790642738342},"size":15.56125545501709,"orthographic":true}