{"cameraMode":{"drawMode":0,"name":"Shaded","section":"Shading Mode"},"sceneLighting":true,"audioPlay":false,"sceneViewState":{"m_AlwaysRefresh":false,"showFog":true,"showSkybox":true,"showFlares":true,"showImageEffects":true,"showParticleSystems":true,"showVisualEffectGraphs":true,"m_FxEnabled":true},"in2DMode":false,"pivot":{"x":-0.17499999701976777,"y":0.49129825830459597,"z":-0.3171751797199249},"rotation":{"x":0.04496270418167114,"y":-0.031463515013456348,"z":0.0014172304654493929,"w":0.9984933733940125},"size":4.663656234741211,"orthographic":true}