{"cameraMode":{"drawMode":0,"name":"Shaded","section":"Shading Mode"},"sceneLighting":true,"audioPlay":false,"sceneViewState":{"m_AlwaysRefresh":false,"showFog":true,"showSkybox":true,"showFlares":true,"showImageEffects":true,"showParticleSystems":true,"showVisualEffectGraphs":true,"m_FxEnabled":true},"in2DMode":false,"pivot":{"x":0.11409390717744827,"y":-0.019999990239739419,"z":-0.10472926497459412},"rotation":{"x":-0.25373443961143496,"y":0.10163448750972748,"z":-0.026819147169589998,"w":-0.9615474939346314},"size":43.76768493652344,"orthographic":true}